<beans xmlns="http://www.springframework.org/schema/beans"
	xmlns:xsi="http://www.w3.org/2001/XMLSchema-instance"
	xsi:schemaLocation="http://www.springframework.org/schema/beans 
	http://www.springframework.org/schema/beans/spring-beans-2.5.xsd">

	<bean class="org.springframework.web.servlet.mvc.support.ControllerClassNameHandlerMapping" />
	
	<bean class="com.mkyong.customer.controller.HiddenController">
		<property name="formView" value="CustomerForm" />
		<property name="successView" value="CustomerSuccess" />
	</bean>
 	
	<bean id="viewResolver"
	      class="org.springframework.web.servlet.view.InternalResourceViewResolver" >
          <property name="prefix">
              <value>/WEB-INF/pages/</value>
           </property>
          <property name="suffix">
             <value>.jsp</value>
          </property>
    </bean>

</beans>